share_id,profile_id,profile_name,post_id
1,977,Raymond Harrington,956
2,563,Deetta Pimentel,616
3,1747,Christopher Muller,1688
4,140,Dorothy Mitchell,1780
5,1614,Carl Vu,859
6,480,Janice Whitley,649
7,1843,Paul Sellers,1181
8,284,Kevin Witaszek,998
9,78,Dolores Hart,409
10,1964,Brian Feldman,1290
11,363,Lucille Kuhn,910
12,711,Ashely Kaupp,836
13,1578,Pamela Ware,999
14,990,Karen Castellanos,1263
15,999,Esmeralda Wasinger,1019
16,1246,Sandra Deaton,1583
17,1150,Heather Meggs,5
18,1490,Albert Gibson,1989
19,1084,Mark Torbett,1883
20,247,Phyllis Nitkowski,1608
21,126,Timothy Mcelroy,1518
22,1557,Mark Ford,724
23,1962,Ethan Sammon,1137
24,314,Darrin Pittman,508
25,273,Greg Meeks,1998
26,1713,Ricky Hoover,1032
27,1684,Frank Digregorio,233
28,359,Nicole Chisum,334
29,485,Robert Deshay,1761
30,1845,Juan Canup,1814
31,1003,Angelica Tyre,18
32,627,Jerry Knight,684
33,1814,Carolyn Hausauer,558
34,1213,Benjamin Austin,320
35,1431,Janice Mahoney,380
36,1661,Kathy Kesner,1533
37,1525,Joy Falconio,1574
38,357,Annie Shipley,1245
39,1452,Adele Smith,1037
40,177,Janis Sweeney,1990
41,929,Inez Brooks,1466
42,794,Sarah Carey,824
43,229,Tammy Nations,1231
44,1236,Hazel Mcgriff,765
45,39,Jon Reid,1895
46,1035,Betty Mitchell,1202
47,258,Raymond Campos,913
48,1545,Andrew Ahmad,738
49,1983,Clarence Rucker,1410
50,161,Victoria Hinzman,1693
51,1234,Jocelyn Cayea,1937
52,1141,Thomas Nguyen,179
53,1336,Barbara Williams,1503
54,681,Andrea Curiel,467
55,785,Marie Johnson,524
56,1604,Dorothy Gleaton,299
57,1039,Marie Higgins,604
58,1701,Sean Kirtner,584
59,771,Steve Zuchelkowski,750
60,1018,Kim Mederios,149
61,1392,Jonathan Edmondson,434
62,103,Marvin Gilchrist,327
63,344,Nancy Shah,1898
64,64,Eric Eckert,1076
65,1641,Sam Laforge,845
66,518,Dennis Cook,609
67,230,Ronald Kearns,1014
68,225,Billy Gonzales,1659
69,498,Crystal Christopher,236
70,1335,Maurice Hosley,677
71,1938,Mary Gorder,1763
72,1474,Martha Mayes,1969
73,1347,Juli Rachal,1206
74,651,Ann Smith,1878
75,1096,Donald Estell,1648
76,1920,Edward Lehr,1292
77,114,Beth Mueller,919
78,688,Hazel Duncan,973
79,879,Denise Sherwood,182
80,1152,Michael Jarman,906
81,608,Sarah Stone,336
82,185,Noemi Lott,1804
83,1397,Paul Guimond,979
84,191,Stephen Smith,757
85,559,Chad Campbell,446
86,180,Gregory Hamilton,1084
87,307,Addie Myles,21
88,124,David Green,1199
89,241,Bradford Perez,991
90,1749,Violet Johnson,1615
91,1757,Brian Coley,494
92,1310,Manuel Dunlop,936
93,1168,Carol Robertson,1278
94,917,Robert Harrison,988
95,786,Eric Dickey,56
96,267,Patsy Melnick,432
97,1014,Kevin Blackwell,639
98,1352,Judith Wilson,1819
99,704,Hortencia Tupper,1490
100,1717,Lowell Glover,174
101,1943,Von Welte,729
102,596,Christopher Mysak,86
103,731,Edward Matier,1642
104,940,William Gonzalez,1126
105,1083,Virginia Haglund,1384
106,1512,Sally Ortiz,245
107,545,Marjorie Bryant,1261
108,767,Ernest Williamson,1372
109,979,Jason Baeza,736
110,1968,Benjamin Braden,732
111,1369,Ricky Kelly,1217
112,170,Sarah Gehling,900
113,288,Paul Arnot,231
114,1847,Charles Snedegar,891
115,543,Frank Strain,963
116,1886,Ava Yarbrough,1577
117,756,Delbert Uhl,1872
118,1564,Lisa Jensen,65
119,308,Roy Ledbetter,707
120,409,Paul Lumukanda,1949
121,1844,Warren Bagger,1514
122,1671,Cody Hernandez,1472
123,663,Curtis Williams,440
124,1404,Lelia Spitz,1496
125,62,Anthony Risley,544
126,156,Esther Ramey,583
127,818,Allen Webb,1582
128,1922,Jeanie Davidson,911
129,1403,Anita Wible,1970
130,519,Lyle Hazel,786
131,352,Patricia James,315
132,1502,Annie Wilborn,1724
133,1070,Janna Welch,310
134,1312,Rachel Salinas,777
135,33,Mark Williams,1204
136,1370,Sandra Isom,1195
137,954,Becky Grey,1652
138,947,Anna Horton,439
139,1012,John Maccarone,1007
140,542,Isabel Deleon,1527
141,1081,Kevin Adams,1227
142,1876,Matthew Szychowski,376
143,1055,Rebecca Crank,1943
144,1949,Everett Klopfenstein,837
145,749,Lizzie Hamil,170
146,243,Jose Caskey,1536
147,349,Geoffrey Godwin,484
148,1668,Karen Donovan,381
149,1642,Linda Powell,1435
150,1045,Kara Calais,1225
151,203,Brian Smith,305
152,1999,Frances Christian,37
153,790,James White,461
154,1130,Wm Drummond,1691
155,415,Isabel Bones,993
156,584,Ryan Thompson,1411
157,1728,Ronald Crouse,144
158,155,Katharine Titus,118
159,501,Luz Owston,1922
160,351,Craig Mills,1429
161,84,Keith Amberg,830
162,499,Daniela Cross,730
163,1897,Eric Bruton,1423
164,1612,Cathy Shadwick,164
165,289,Kendall Cochran,1547
166,1942,Russel Carter,1306
167,1959,Nicole Davis,1039
168,76,Margaret Doty,599
169,1454,John Zanghi,980
170,206,Charles Johnston,1332
171,1269,William Bos,1579
172,1143,Barbara Ellis,1088
173,1040,Kevin Holland,814
174,227,Donna Baskett,846
175,1759,Tabitha Rogers,178
176,1489,Nanette Battaglia,1666
177,675,Victor Ramos,1742
178,762,Katherine Debroux,582
179,1326,Jeanne Castro,658
180,649,Karen Hull,1452
181,1488,Donald Jones,59
182,1601,Lucile Chacon,529
183,1740,Kent Morrell,1253
184,1425,Andrew Beard,1758
185,309,Hugh Elem,613
186,1472,Benny Hackworth,130
187,48,Jessie Luker,1871
188,1299,Mary Trivino,269
189,915,William Yielding,132
190,666,Billy Hathorn,1401
191,797,Robbie Hamer,451
192,268,Robert Snow,1106
193,265,Clarence Jones,1394
194,1634,Dollie Hall,1559
195,1216,Douglas Leary,1001
196,456,Ester Sauers,1613
197,220,John Mazzei,1612
198,605,Lynette Davis,1157
199,1483,Eleanor Samuels,650
200,599,Giselle Hawkins,806
201,1442,William Terry,306
202,1906,Pauline Tillman,978
203,726,Karen Edlin,734
204,461,Barbara Ridenour,1664
205,864,Mark Lopez,247
206,1787,Richard Wilson,417
207,152,Christopher Cook,642
208,1322,Margaret Bushnell,1811
209,25,Derick Brown,1036
210,361,Dorothy Kube,528
211,1178,Bradley Kilgore,1101
212,1351,Gerard Smith,1295
213,179,Jack Vollmar,904
214,300,Karen Dedeke,1893
215,1015,Johnny Ohare,1679
216,693,Herbert Amaro,358
217,212,Philip Frost,1235
218,571,Roger Jones,573
219,476,Gary Kukowski,113
220,384,Kevin Johnson,896
221,89,Ronald Long,606
222,1855,Tiffany Wright,518
223,695,Steven Lawson,1129
224,1928,Jack Barron,940
225,1870,Pauline Meek,1047
226,1285,Anita Johnson,1381
227,1106,Diane Field,1108
228,1155,Kathy Mitchell,433
229,1487,Rosemary Lee,867
230,1619,Florence Golden,565
231,650,William Miranda,216
232,1710,Elizabeth Williams,374
233,733,Jane Jensen,1367
234,444,Thomas Doucet,1189
235,595,Alice Martin,702
236,115,James Patterson,876
237,437,Bobby Hart,99
238,1013,Justin Leung,953
239,1611,Elizabeth Mclean,1390
240,259,Joan Hubbard,1117
241,514,Hollis Caban,1593
242,1626,Ashley Hubbard,1460
243,1064,Vertie Stacy,1747
244,668,Betty Gaffney,181
245,1580,Edward Lauer,340
246,104,Courtney Mckinley,667
247,77,Rosalee Earley,1764
248,445,Richard Elder,1938
249,554,Margaret Torbett,1680
250,690,Douglas Rodriguez,77
251,368,Ruth Joiner,812
252,1278,Adam Silkenson,1052
253,1423,Eva Wiseman,1031
254,50,Phillip Dennis,1067
255,1099,Jay Hargrove,95
256,1080,Donna Snow,1317
257,66,Darrel Gehl,1455
258,659,Lizzie Miller,1768
259,1989,Jerome Hill,1220
260,22,James Hoppe,1244
261,97,David Pittman,1695
262,73,Gillian Floyd,545
263,434,Carole Herring,172
264,633,Christy Richman,112
265,302,Thomas Barber,1840
266,619,Jeffrey Hoffman,75
267,1888,William Wheeler,96
268,1700,Velma Sanders,887
269,1877,Michael Christman,1313
270,1166,Sonia Mata,809
271,479,Sally Hunt,1899
272,1546,John Hale,1053
273,31,Pedro Fernandez,124
274,661,Amanda Raines,590
275,1333,Lynn Burger,195
276,935,Patricia Rodriguez,1853
277,735,Danny Mailes,335
278,91,Bert Armes,1702
279,298,Jason Ferrell,401
280,1158,Kathleen Macki,1894
281,1476,Diana Herrera,1885
282,1965,Susan Sheeler,1387
283,773,Sharon Zocklein,1458
284,189,Jesse Gutierrez,1567
285,1052,Denise Mcfadden,1025
286,1848,Robert Howell,538
287,148,Charles Sharp,1183
288,1841,Esteban Imai,1356
289,401,Jami Buttaro,34
290,254,Cindy Tate,1952
291,1478,Carla Otani,638
292,804,Erica Shafer,657
293,900,Rosie Pena,1354
294,1025,Betty Wells,1587
295,1515,Catherine Velasquez,561
296,1995,Bill Skrine,265
297,133,Natasha Flores,1440
298,374,Laura Sharp,468
299,1952,William Thomsen,1223
300,1006,Rebecca Black,996
301,1151,Eliseo Stevenson,1971
302,1256,Shawn Larry,100
303,154,Salvador Stephens,1755
304,1329,Lora Gongora,9
305,1764,Alma Davenport,1588
306,630,Michael Upton,498
307,166,Richard Thom,15
308,74,Martha Crosby,238
309,110,Cynthia David,987
310,392,Charlie Harvey,1361
311,29,Alice Ahrens,1924
312,1114,Linda Leitch,1794
313,573,Rebecca Ricks,733
314,757,Billy Hall,316
315,240,Andrea Mason,1006
316,285,Billy Andren,352
317,71,Rosemary Bartlett,1995
318,1059,James Bishop,534
319,654,Harold Graza,1096
320,1500,Nettie Waters,1087
321,645,Aida Bickford,1704
322,44,Barbara Sayer,1767
323,1498,Patricia Edgar,1343
324,827,Debra Travers,54
325,1005,Mae Cooke,1188
326,985,Bennie Mccullough,69
327,628,Guadalupe Hanley,1950
328,469,Patricia Denney,297
329,835,Rachelle Middleton,1174
330,1331,Josephine Kowalski,1405
331,1366,Leonard Kelly,399
332,538,Sue Smith,1439
333,108,Ralph Hippen,1094
334,1481,Steven Behring,436
335,1637,Brenda Giannini,957
336,333,Susan Modi,1640
337,557,John Gregory,1044
338,1633,Robyn Vicario,780
339,420,Barbara Santos,1988
340,51,Camille Penny,1754
341,748,Maria Wark,1667
342,1837,Myron Lofton,190
343,281,Helen Holt,87
344,833,Scott Juneau,856
345,251,Charles Alexander,185
346,1849,Helen Rupp,848
347,1510,Debbie Barton,463
348,1646,Sheryl Knight,1903
349,1818,John Beckman,115
350,1103,Johnathon Scales,858
351,875,Melvin Crays,1828
352,714,Donald Vega,1064
353,1009,Brandi Carver,1951
354,1864,Christie Tylwalk,1362
355,1884,Anne Fried,222
356,350,Roscoe Clever,1621
357,96,Terence Gillenwater,237
358,1440,Patricia Sorell,8
359,976,Johnathon Williams,580
360,1361,Katie Delapaz,1522
361,703,Dianna Dolan,901
362,738,Judy Maguire,1777
363,777,Grant Thomes,710
364,1398,Joseph Krause,1651
365,52,Robert Crane,1677
366,1767,John Fox,1259
367,1196,Loan Broderick,27
368,1981,Kimberly Cotton,632
369,928,Carrie Bailey,475
370,926,James Ortiz,173
371,381,Arthur Olson,574
372,705,Leonard Shults,842
373,1131,Norman Golish,1250
374,1655,Anna Cloutier,572
375,1306,Marie Anderson,726
376,593,Diane Taylor,594
377,854,Patrick Helm,28
378,19,David Primus,1703
379,865,Lori Kay,1273
380,1905,Joan Nebergall,1154
381,1751,Jason Patterson,1089
382,770,Janice Bostic,902
383,1504,Paul Gilbert,693
384,1738,Bryan Lawrence,1531
385,316,Alonzo Morrone,1301
386,326,Thomas Billiot,828
387,364,Joan Barnes,307
388,372,Gary Butts,1368
389,807,Bernadine Cooper,603
390,1088,Roy Viveros,1283
391,1098,Ora Warner,1834
392,582,Steven Gonzalez,1717
393,1243,Shirley Sibley,791
394,209,Roberto Johnson,874
395,109,Jack Beech,256
396,960,Marie Aaron,1874
397,1715,Ilene Collins,1212
398,451,Rebecca Ball,601
399,1317,Carmela Gonzales,1475
400,291,David Bowers,2000
401,53,Gerald Spruiell,1882
402,142,Matthew Crook,1852
403,1535,Lori Clay,1276
404,1935,Mary Pitts,1977
405,1734,Kim Smuin,1105
406,1794,Madonna Hickman,1839
407,417,Clinton Salinas,997
408,751,John Wood,437
409,403,Kym Rawlings,1865
410,1982,Lisa Figueroa,928
411,1453,Max Mcclelland,562
412,1405,Ramona Brooks,1034
413,812,Reginald Macias,1417
414,1629,Terry Lane,1002
415,548,Christine Cerza,1048
416,1781,Charles Jones,1489
417,1281,Jenifer Morris,503
418,1037,Diane Cady,1428
419,196,Keith Crawford,1075
420,973,Joseph Dejesus,263
421,870,Sean Bond,1406
422,345,Evelyn Decosta,596
423,1721,Freddy Collins,194
424,1149,Margaret Bray,1631
425,1029,Valarie Gillespie,1445
426,614,Charles Coffey,1213
427,252,George Nichols,325
428,1568,Lena Schmidt,1512
429,1861,Felix Pinto,768
430,440,Hector Cox,344
431,317,Lisa Johnston,1144
432,61,Cody Burke,1038
433,1289,Theodore Spicer,137
434,859,Stephen Frazier,1539
435,233,Richard Sizemore,1345
436,1086,Samuel Lacosse,1516
437,689,Florence Taylor,1972
438,238,Thomas Ramsey,1861
439,1985,Michael Davis,962
440,136,David Ellsworth,1890
441,774,Bobby Villatora,151
442,7,Opal Brandt,1991
443,83,Jodi Martens,510
444,1521,Evelyn Herman,825
445,1159,Randy Walter,1907
446,1988,Karen Portnoy,285
447,8,Stephanie Seutter,1673
448,1245,Andrew Tegeler,83
449,810,Sharon Moffat,1375
450,948,Bernard Meurer,1449
451,1093,Lee Ingalls,1243
452,1200,Cynthia Graves,1723
453,373,Elyse Salano,1451
454,1010,Luis Pineiro,1857
455,132,Hilda Brown,530
456,1128,Karl Mcwilliams,753
457,1032,William Wright,430
458,1205,Lonnie Siebert,605
459,327,Sara Plourde,4
460,1606,John Brooks,1806
461,1689,Rory Wells,1759
462,270,Linda Jones,1379
463,1266,Alice Merryman,1297
464,1250,Nathan Watkin,1461
465,1694,Faye Duke,1598
466,1288,Mattie Mathis,1710
467,1549,Amy Mcconnell,1701
468,1028,Martha Sanchez,33
469,1544,Santiago Collins,1766
470,1066,Darin Plummer,1647
471,1746,Joshua Roupe,698
472,1382,Ryan George,143
473,1062,Edgar Hahn,1569
474,1585,Dorothy Aaronson,1622
475,1528,David Coster,1420
476,1378,Connie Armstrong,1592
477,1996,William Reker,1563
478,1881,Larry Mathur,1802
479,1024,Gladys Garcia,1711
480,1417,Timothy Denney,559
481,1394,William Meyer,1525
482,670,Cecile Sutherland,521
483,891,John Myers,210
484,1140,Alan Owens,67
485,127,James Walters,895
486,1043,Constance Trahern,281
487,365,Johnny Black,770
488,1314,Angela Snyder,1534
489,725,Dorothy Williams,1069
490,867,Miguel Chevalier,491
491,615,Guy Lastrapes,1957
492,1110,William Jones,1807
493,322,Florence Brown,1956
494,1067,Bill Butler,1607
495,80,Michael Taylor,1917
496,1904,Enrique Merritt,1454
497,1732,Jack Schell,1603
498,899,Kimberley Thomas,1823
499,1355,Roy Edwards,1734
500,781,Angela Hartman,894
501,20,Terry Rios,1738
502,1320,Larry Dill,595
503,1073,Frank Matten,787
504,1220,Dorothy Cronin,383
505,46,Ethel Mcgloin,61
506,1303,Betty Williams,1816
507,600,Ronnie Severin,890
508,1119,Steven Mckinney,965
509,1786,Cheryl Llanes,1272
510,684,William Porter,602
511,454,Paul Holleman,1266
512,1211,Kenneth Jacobson,145
513,988,Julie Hall,1689
514,969,Latoya Davis,756
515,626,Crystal Elder,898
516,1603,Edward Walker,931
517,1375,Sarah Ross,205
518,151,Pearlie Grainger,945
519,313,Brian Shehan,952
520,397,Mark Cardin,1507
521,1507,Mary Dwyer,654
522,1856,Celestina Holt,1182
523,541,Christopher Ashby,678
524,118,Matthew Carter,1700
525,1050,Monique Coles,1171
526,290,Wanda Smith,48
527,1680,Ethel Stephens,1228
528,406,Sonny Mazor,1342
529,367,Judith Johnson,58
530,1620,Victor Torbert,1492
531,1393,Marilee Noreen,1681
532,1859,Alma Taylor,541
533,232,Ryan Carvalho,345
534,1967,Nicholas Braxton,393
535,1690,Caridad Hayes,1065
536,1533,Vincent Ward,50
537,813,Timothy Meza,1923
538,997,Matthew Otey,264
539,966,Anthony Mahon,1604
540,1593,Tommie Oliveros,255
541,353,Natalia Ponce,1374
542,1328,Mitzi Hausner,1641
543,1156,Ronald Thomas,946
544,1762,Debra Hammers,908
545,159,Charles Wood,513
546,165,John Lecy,492
547,1755,Lester Nichols,369
548,128,Mary Griffin,1453
549,1376,Debra Wilds,716
550,1771,Violet Posthuma,1125
551,1495,Raymond Belzer,180
552,1390,Anne Gleason,1382
553,841,Mary Swann,324
554,295,Charles Edmonson,1095
555,1522,Hazel Tison,44
556,1912,Carrie Lawson,1961
557,1484,Lindsey Miller,1566
558,491,Ashely Gallup,364
559,1294,Luz Turpin,80
560,1017,Juliet Harris,85
561,1654,Roland Childress,1875
562,531,Robin Gonzalez,1517
563,1298,Jewel Duval,72
564,1966,Kathryn Mcnew,175
565,905,Karen Cordeiro,357
566,517,Ruth Garcia,1947
567,1436,Vicki Facteau,1442
568,1997,Lois Anderson,863
569,1644,Gertrude Weaver,422
570,416,Melissa Pressley,13
571,145,Bruce Stammel,1556
572,528,Paul Deleon,414
573,1016,Mary Patterson,516
574,884,Roger Fournier,441
575,1741,Janice Foresta,1104
576,1499,Don Bellendir,1934
577,1419,Dolores Johnson,1314
578,796,Robert Blakely,1315
579,468,Tonya Meighan,802
580,143,Rafael Duncan,517
581,1583,Lynnette Raulston,161
582,1121,Edward Callis,1018
583,552,Gary Perez,719
584,1449,Kristine Ogletree,1230
585,1932,Betty Beyl,1026
586,1893,Brandon Pacheco,1968
587,994,Frances Truax,1974
588,398,Alyse Vaughan,6
589,1635,Blair Webster,1324
590,944,Elbert Fox,1127
591,674,Mitchell Foster,1338
592,1325,Angel Deleon,1431
593,533,Benjamin Eastes,714
594,1358,Marion Rivera,1233
595,658,Josephine Dueber,944
596,1069,Ailene Schacht,760
597,287,John Little,321
598,111,Ray Sweeney,1927
599,848,Martha Johnson,1845
600,496,Ruth Lacher,47
601,513,Lillie Butler,1388
602,752,Kendall Hadley,287
603,1109,Joe Helms,662
604,1957,Susan Pifer,93
605,86,Barbara Glisson,319
606,271,Geraldine Brooks,686
607,527,Eugene Jones,1744
608,1683,Tom Lane,91
609,1613,Raymond Wheeler,496
610,1572,Chad Alexander,1521
611,671,Larry Finch,1771
612,639,Eugene Beidleman,1820
613,450,Tory Silva,1629
614,747,Katherine Meldrum,411
615,1313,Oscar Altizer,1564
616,1785,Marion Creighton,1241
617,1883,Kathleen Caldon,158
618,432,Sarah Burgess,1722
619,441,Carmen Trejo,1300
620,1862,Jenna Brown,950
621,510,Herbert Lewis,1143
622,1082,Michael Mason,1619
623,334,Rodney Porter,1663
624,495,Robert Stubbendeck,121
625,1687,Jessica Stewart,554
626,1550,Darlene Mitchell,476
627,346,Marisela Waters,1965
628,1616,Mary Coleman,1623
629,598,Annie Smith,500
630,1060,Mable Marinelli,1051
631,930,Cassandra Sarver,1355
632,1204,Scott Boyle,1602
633,1497,Walter White,260
634,632,George Chiodi,1150
635,1132,Edward Eggleston,1910
636,1163,Crystal Norris,171
637,691,Michael Inman,1901
638,516,Stacy Altro,1012
639,221,Tressa Price,502
640,1819,Willie Nguyen,660
641,837,Benjamin Eglinton,1572
642,789,Paul Sullivan,1698
643,1554,Dorothy Madina,884
644,1286,Cindy Mack,1383
645,1724,Josephine Riley,939
646,1867,Antoinette Madrid,933
647,1169,Erika Brewer,709
648,1343,Nathan Manko,1359
649,546,Seth Zimmer,1198
650,1895,Joe Smith,566
651,591,Anthony Robinson,1639
652,876,Robert Drown,295
653,1647,Christopher Williams,968
654,1120,William Masser,805
655,81,Betsy Leclair,1327
656,1846,Juan Talavera,218
657,1869,Pamila Broom,644
658,2000,Kimberly Martin,831
659,636,Curtis Ramirez,1869
660,419,Kendra Weathers,198
661,1284,Phillip Ayers,1561
662,589,Hugo Stone,1863
663,839,Brian Laster,97
664,274,Scott Sardi,1091
665,677,David Hatcher,1045
666,90,George Adams,1783
667,537,Angela Collins,643
668,1330,Patricia Bevan,421
669,623,James Mccraken,31
670,481,Barbara Reep,568
671,56,Rebecca Cox,1921
672,1112,David Martinez,148
673,560,Alyssa Duckworth,1187
674,1441,Margaret Caron,450
675,665,Evelyn Garza,487
676,1537,Michael Cox,1835
677,1030,Kenneth Stevenson,1196
678,1915,Kenneth Hale,339
679,1835,Bonnie Jobe,614
680,1054,Barbara Valdez,1122
681,1737,Armando Neglia,186
682,1960,Jean Gaillard,844
683,101,Mathew Gentry,455
684,1372,Terence Oquinn,764
685,1682,Janet Bergman,192
686,984,Laura Locklear,301
687,993,John Britt,274
688,282,Anton Roberts,700
689,1958,Sergio Mckinney,1891
690,1622,Rosa Dalporto,1310
691,305,Thomas Marshall,706
692,520,Miriam Barnett,1778
693,1462,Keith Velez,744
694,1238,Kimberly Brodt,1268
695,1241,Shawn Strauser,1545
696,1437,Robert Wood,737
697,1956,Debbie Degasperis,1118
698,678,Drew Mace,1013
699,14,Kisha Staubin,1630
700,594,Kim Wilbur,1222
701,521,Lindsay Chech,934
702,286,Alfredo Croteau,1884
703,130,Jay Sharpe,1555
704,1868,Rodney Holguin,696
705,1600,Carl Auten,1741
706,158,Kenneth Barajas,1625
707,927,Timothy Roca,1495
708,597,Andrew Hutter,64
709,1448,Jessica Saucedo,841
710,134,James Smith,585
711,753,Mandy Gulbrandsen,206
712,987,Mercedes Hogan,815
713,592,Ruth Hyde,73
714,1581,Jessie Dungan,1017
715,1565,Roscoe Summer,1353
716,1796,Michele Jones,637
717,1971,Bonnie Carroll,612
718,1212,Hiroko Masom,959
719,1765,Brenda Orlando,1208
720,740,Dennis Meskill,207
721,1377,Frances Gertsch,257
722,1206,Dorothy Wilson,1821
723,442,Holly Mccarty,893
724,982,Robert Lacuesta,1003
725,744,Paulette Morgan,392
726,924,Brent Duncan,1364
727,1760,Danielle Krepps,160
728,1126,Doris Pruitt,478
729,950,Gordon Johnson,741
730,396,Paula Caddick,16
731,360,Steve Sanchez,361
732,1374,Deborah Oconnor,213
733,1532,Mark Scott,1422
734,1663,Luisa Hagen,156
735,1145,Jonah Sanchirico,1750
736,338,Margaret Michaels,776
737,453,Barbara Graham,1303
738,1519,Jamie Hamelton,1838
739,1450,Margaret Hannah,314
740,1175,Joshua Johnson,443
741,1948,Terry Barbee,385
742,223,Marcia Herrera,697
743,816,Willie Heck,3
744,483,Donna Porter,1829
745,640,Crystal Case,1721
746,780,Jose Crews,1469
747,1900,Rosa Dempster,1140
748,887,Edward Cook,1909
749,561,David Mesiti,526
750,507,Edwin Brown,749
751,952,Nancy Davis,1063
752,1195,Russ Rhoades,1262
753,604,Stanley Williams,951
754,1127,Donald Lones,761
755,570,John Parker,394
756,178,Lorenzo Sheridan,1776
757,279,Alfred Brown,1309
758,202,Mark Sharbono,1441
759,69,Steve Singh,84
760,470,Oda Aguilar,785
761,1979,Sandra Caroll,270
762,1027,Patricia Rodriguez,1
763,1249,Brad Patterson,1142
764,391,Karla Kelley,627
765,1047,David Moore,1644
766,1482,Bonnie Goforth,926
767,1704,Dean Jones,625
768,759,Kathy Harrell,1879
769,466,Nona Burgess,751
770,743,Barbara Roback,229
771,741,Dorothy Hawkins,1328
772,1791,Cynthia Brouillet,235
773,1414,Wilson Vento,1152
774,1260,Dennis Brown,193
775,17,Richard Kositzke,579
776,1937,John Wilke,1180
777,1702,Nicholas Unruh,272
778,1670,Eugene Daley,1060
779,1736,Marianne Brawner,986
780,355,Anthony Jones,607
781,631,Michel Diaz,382
782,1563,Gregory Collins,674
783,1547,Elda Blakes,822
784,1115,Cheryl Jones,800
785,1315,William Schaefer,925
786,775,Bobby Kelly,466
787,123,Stanley Ellison,762
788,637,Colleen Wade,543
789,1901,Mary Solomon,166
790,1795,Judith Kingsley,1655
791,157,Nick Moore,1164
792,1825,Linda Carmichael,1008
793,1451,John Gove,365
794,1188,Renee Palmer,1320
795,215,Diane Hill,209
796,1851,Darrell Crate,1269
797,1573,John Engler,1836
798,1872,Robert Hill,479
799,1991,Wendell Lepage,1114
800,1407,Rachel Stohlton,767
801,1919,James Taylor,342
802,1097,Tricia Barrett,1686
803,535,Barbara Tyrer,317
804,1518,James Kollar,1062
805,874,Pablo Gomez,1959
806,5,Rhonda Matthews,1376
807,1094,Timothy Rocha,942
808,821,Ursula Carpenter,1993
809,1778,Jack Hartshorn,1256
810,1190,Kenneth Danek,1326
811,1990,Dawn Bruce,1976
812,964,Deborah Huffman,1770
813,1632,Catherine Sloan,196
814,371,Dennis Buehler,323
815,806,Barbara Stakkeland,108
816,902,Deanna Cobb,1470
817,173,Vickie Lester,98
818,1857,John Beasley,981
819,1338,Jesse Peters,1591
820,1812,Marion Franklin,870
821,113,Darryl Allen,1597
822,1698,Audrey Schwing,36
823,846,Daniel Whitlock,1911
824,1443,Daniel Metevier,954
825,1357,William Frink,331
826,85,Sheri Rice,915
827,1643,Annie Kitchen,286
828,978,Robert Evans,481
829,1183,Joseph Ho,1833
830,1399,Martin Purvis,843
831,1184,Angie Rodriguez,111
832,1233,Roy Rondeau,1595
833,676,Mildred Morel,1504
834,1041,Samuel Starks,1482
835,1511,Donald Miller,408
836,1538,Walter Northover,1294
837,1548,Andre Maruschak,635
838,1354,Alvin Douglas,630
839,411,Nellie Wagner,283
840,1051,Jermaine Carbajal,1963
841,430,Mary Jablonski,1392
842,1063,Carey Thompson,923
843,1801,Twyla Hill,169
844,35,Barbara Tillman,248
845,55,Byron Lucas,1251
846,712,Blanche Langworthy,1131
847,1815,Lamont Baker,7
848,1880,Alfred Cossey,147
849,471,Donald Harrison,1247
850,886,Bruno Mccreary,1194
851,1001,Cliff Carter,689
852,1770,Carlos Brown,862
853,1092,Kevin Haller,1380
854,1899,Edward Wilkes,1456
855,791,Gary Graham,304
856,1709,Timothy Hogue,1347
857,503,Jeffery Greathouse,742
858,1223,Jamie Melear,92
859,889,Jesse Leedom,1216
860,460,Natalia Vineyard,679
861,428,George Perry,244
862,701,Eric Mcleary,1870
863,1944,Martin Lawson,1041
864,1381,Leora Reid,140
865,449,Christopher Green,1913
866,646,Gregory Oliver,886
867,262,Carl Pingrey,1526
868,467,Michael Mendoza,1765
869,275,Stephen Mckay,1446
870,1524,Edmund Maicus,864
871,169,Leroy Surratt,486
872,1271,William Maisenbacher,1163
873,1896,Jean Kozak,1282
874,851,Claire Boger,823
875,1711,Lindsay Cantrell,155
876,850,Carolyn Burmside,1358
877,968,Angela Tippetts,688
878,1558,Robert Kelly,1669
879,934,Suzanne Love,326
880,765,Ronald Araujo,1784
881,1697,Johnnie Melendez,139
882,1931,Jackie Thomas,571
883,602,Karen Jimenez,1994
884,1828,Viola Tate,522
885,808,Tamra Sanders,1975
886,1124,Anthony Salvietti,1115
887,669,Leslie Escobedo,1165
888,245,Ira Gregory,68
889,1951,Nancy Wagner,548
890,622,Geoffrey Oakley,1147
891,1460,Bobbie Moscicki,772
892,340,Harold Winterbottom,42
893,263,Orlando Allen,1610
894,1237,Sheila Dinwiddie,860
895,1739,Patricia Laws,617
896,404,Eddy Mccune,1040
897,798,Stephen Smith,1900
898,1042,Erica Ricks,1769
899,618,Thomas Harper,1757
900,1577,Jordan Endsley,350
901,647,Yesenia Haldeman,1618
902,341,Robert Duggins,1672
903,1264,Hannah Farley,943
904,1401,Dwight Porter,699
905,34,Karie Martin,611
906,1639,Gladys Waddle,1145
907,621,James Alu,1009
908,174,Janice Eckhardt,1735
909,1031,Dorothy Hall,1254
910,1068,Eva Seever,367
911,1077,James Valencia,1323
912,106,Ervin Kecskes,1627
913,683,Mary Sivak,1016
914,842,Brent Robey,1348
915,1761,Michael Mack,1586
916,1514,Robert Purcell,668
917,32,Clarence Alden,1027
918,847,Matthew Osbeck,1218
919,811,Kimberly Robinson,445
920,1782,Edward Anderson,318
921,644,Anthony King,1056
922,276,Roland Ayala,1772
923,877,Cassie Hyden,1617
924,1726,Susan Coutermarsh,586
925,1002,Patricia Allen,506
926,150,Lupe Hodges,1191
927,1344,William Garraway,232
928,1976,Margaret Bartlett,695
929,1137,Tim Albanese,1826
930,1898,Frances Sampson,533
931,1428,William Cooper,370
932,761,Ashley Beltz,985
933,1889,Bill Rico,277
934,709,Mark Thomas,532
935,1753,Ernest Lemay,375
936,1214,Rose Collins,1646
937,1218,Henry Pittman,1389
938,1941,Rosemarie Anderson,804
939,1327,Joseph Deloach,1632
940,1430,Mildred Spear,854
941,1356,Raymond Blevins,268
942,1026,Joyce Mccracken,1860
943,1800,Frank Snyder,826
944,992,Bertha Lewis,200
945,1138,Alex Khatri,852
946,1210,Fred Mcclellan,1787
947,1319,Deborah Thurmond,1889
948,937,Shawn Ibanez,748
949,1885,Kenneth Dobiesz,1179
950,1468,Michael Farrington,1240
951,47,Ila Nichols,1737
952,1153,Kelly Ramero,1203
953,1346,Ana Siebert,1786
954,1296,Janet Roy,372
955,36,Johnny Weber,199
956,395,Paul Struck,1093
957,853,Mary Brady,661
958,819,Barry Smith,739
959,1254,Steven Mcneely,1638
960,343,Nikki Pedrick,351
961,901,Peter Panzarino,426
962,1491,Donna Kasack,1650
963,1745,Michael Clements,1478
964,1821,Luz Long,29
965,473,Irene Kimble,294
966,1534,Judy Bustamante,1100
967,1116,Arnold Spencer,1296
968,1349,William Boettcher,1151
969,799,Monica Garfinkle,1848
970,67,Thomas Hardy,456
971,863,Theresa Labriola,1072
972,1438,Sammie Cordova,163
973,1277,Shawn Topps,1443
974,1773,Juan Robertson,1954
975,792,Sharon Pince,1077
976,10,Alan Wilhoite,1633
977,1742,Marty Morton,921
978,439,Woodrow Mauk,1815
979,494,Katie Mahan,774
980,922,Archie Smith,1732
981,210,Gladys Johnson,1558
982,390,Stephenie Horton,1057
983,418,Brittany Gomez,1229
984,9,Agnes Pugh,1277
985,814,Cynthia Payne,202
986,1444,James Lataille,1501
987,1731,Bobby Barfield,1426
988,1486,Rebecca Huskey,249
989,1215,David Ybarra,153
990,732,Idella Luther,1024
991,1972,Jeremy Meath,1408
992,878,Michael Fletcher,1756
993,1280,Richard Marcucci,278
994,299,Cheryl Krause,1912
995,1171,Caroline Samuels,366
996,204,Bob Ward,798
997,1493,James Hinkle,388
998,1681,Amy Johnson,1751
999,1434,Deborah Pearsall,1419
1000,778,Rodney Warwick,1705
1001,653,Dorothy Reid,1483
1002,1388,Manuela Bodily,929
1003,1665,Anna House,1112
1004,1523,David Merchant,234
1005,427,Perry Lucas,74
1006,1776,Mildred King,1437
1007,125,Beth William,1946
1008,871,Andrew Ahmed,514
1009,256,Jose Sanchez,1795
1010,455,Renee Thompson,1398
1011,536,William Fairley,135
1012,873,Cheryl Mccollum,1635
1013,1011,Dean Calvary,1805
1014,586,Daniel Swanson,191
1015,1273,Nancy Brown,1866
1016,1091,Donald Long,40
1017,795,Chantel Barber,1712
1018,231,Jennifer Fleming,387
1019,1424,George Henderson,197
1020,297,Nora Nelson,1645
1021,1750,James Dandridge,1210
1022,655,Wendell Harsh,592
1023,79,Barbara Holloway,1402
1024,687,Stephen Clemons,150
1025,280,Devin Johnson,1897
1026,457,Chris Lasseter,885
1027,1371,Josephine Yanko,1043
1028,611,Candice Vance,1832
1029,1021,Brenda Snerling,1529
1030,1446,Joanna Simpson,126
1031,970,Joshua Ziegler,1670
1032,1592,James Soper,1573
1033,1994,Isaac Baker,1827
1034,187,Stephen Graham,1626
1035,1582,Karen Martin,1508
1036,1678,Thomas Burlingham,947
1037,555,Susan White,914
1038,1104,Richard Johnson,298
1039,1924,Ralph Hanna,240
1040,149,Robert Williams,363
1041,1706,Diann Rodriguez,1919
1042,958,Kevin Rousseau,1634
1043,311,Daniel White,935
1044,1630,Ty Riley,1958
1045,68,Tamra Herring,261
1046,574,Victor Blackman,241
1047,75,Guillermo Bryan,1873
1048,37,Latoria Puente,712
1049,1552,Brent Lawrence,465
1050,1456,Linda Paddock,133
1051,769,John Sherman,267
1052,1061,Evelyn Martinez,1425
1053,1831,Jewel Bull,1030
1054,707,Eloisa Maupin,472
1055,868,William Montijo,829
1056,1144,Matthew Goodman,621
1057,931,Marlon Lewis,1339
1058,1853,Ronald Eggleston,511
1059,1000,Benjamin Obiesie,1791
1060,1652,Kenneth Etter,850
1061,971,Oscar Tanenbaum,651
1062,362,Kirk Gurule,1341
1063,1384,Elisabeth Giardina,1285
1064,1651,Tanya Joiner,560
1065,856,Gary Mccormick,865
1066,1802,Robert Erickson,550
1067,965,Tonya Wilson,1532
1068,1809,Debra Strickland,1168
1069,1034,Deangelo Lanigan,665
1070,1729,Jim Jaramillo,1939
1071,129,Pia Parson,1973
1072,1744,Wade Edemann,1498
1073,996,Ronald Moore,912
1074,405,Matthew Guffey,817
1075,1290,Nora Healey,1709
1076,858,John Black,727
1077,722,Charles Pickett,1170
1078,1594,Joan Ricley,404
1079,686,Sherry Cantave,656
1080,682,Pamela Lovitt,308
1081,664,Susan Cable,1123
1082,955,Joshua Blankenship,1552
1083,1359,Louis Tyler,497
1084,1135,Bernard Garcia,289
1085,897,Jessica Smith,259
1086,641,Daniel Johnson,1369
1087,1792,Charles Nooe,1242
1088,1219,Joseph Rosebrough,107
1089,638,Susan Anderson,1611
1090,1714,Jamie Joyner,1796
1091,1894,Shannon Spicher,827
1092,1929,John Hilyard,610
1093,99,Ina Walsh,1699
1094,387,James Chamberlain,1319
1095,1257,Donna Orozco,391
1096,1911,Ruby Duncan,1785
1097,1882,James Kleckner,1086
1098,1316,Clarence Moore,396
1099,1914,Cheri Gosselin,1690
1100,463,George Deaton,818
1101,1808,Craig Turner,368
1102,4,Hazel Nguyen,177
1103,324,Francisco Miller,619
1104,1790,Rodney Fredrick,1407
1105,1400,Sara Robinson,1370
1106,609,Helen Witte,932
1107,1494,Richard Thomas,35
1108,1194,Robert Athayde,1211
1109,1287,Isabelle Moise,670
1110,336,Irving Thomas,676
1111,1566,Shirley Carter,671
1112,1657,Bobby Hale,990
1113,318,William Bailey,1830
1114,1186,Annie Palacios,1436
1115,1946,Timothy Patterson,296
1116,2,Cathy Hill,1049
1117,577,Kathy Flores,425
1118,1406,Constance Jenkins,1560
1119,1579,Terri Reyes,1119
1120,162,Robert Murray,24
1121,500,Thomas Maxey,1190
1122,1517,Roy Addesso,938
1123,1675,Rochelle Poulin,127
1124,1368,Marsha Thier,1130
1125,923,John Harbin,1305
1126,1892,Robert Woodbury,1028
1127,1341,Marjorie Waits,1812
1128,1380,Jennifer Woodward,872
1129,911,Donald Dewoody,669
1130,1455,Fredric Jimenez,1862
1131,568,Jacob Hammer,564
1132,1162,Marvin Lee,1933
1133,1244,Angel Vanos,1139
1134,1754,Donna Brown,1074
1135,1136,Hugh Copeland,1859
1136,489,Marilyn Kess,1653
1137,580,Douglas Helzer,1491
1138,1530,Charles Frost,769
1139,1925,George Flaherty,1184
1140,1142,Ronda Mingus,722
1141,1969,Preston Fuentes,692
1142,1662,Rosie Harris,167
1143,737,Gary Drew,444
1144,836,Debra Lee,673
1145,462,Angela Park,1510
1146,1197,Thomas Hayes,628
1147,800,Jennifer Hirota,293
1148,673,Zachary Vickers,266
1149,493,Barbara Paz,629
1150,1752,Adrian Grant,1808
1151,1509,George Jeffords,1864
1152,1699,Arthur Morris,1497
1153,1934,Collin Altamirano,515
1154,1748,Roxanne Jernigan,871
1155,1090,Rhonda Ryan,922
1156,1743,Catherine Murphy,703
1157,1658,Beth Kissinger,1248
1158,1908,Angela Leymeister,1584
1159,1292,Diane Garcia,781
1160,1170,James Tubb,927
1161,1373,Brendan Shoffner,1800
1162,356,Judy Hitchcock,924
1163,509,Clarence Acosta,1760
1164,1980,Greg Crumrine,460
1165,1172,Evelyn Mackenzie,752
1166,692,Michael Dorais,312
1167,484,Andrea Funk,1499
1168,410,Ralph Steinle,1291
1169,475,Shauna Lew,1960
1170,895,Penny Bevington,641
1171,606,Bernard Murry,123
1172,42,Regina Sosa,1201
1173,436,Charles Hatcher,853
1174,1191,James Pagel,429
1175,399,David Chait,1059
1176,1479,Catherine Twogood,1346
1177,477,Margaret Dorf,1109
1178,579,Tiffany Mendez,1568
1179,45,William Tran,23
1180,54,James Williams,1485
1181,718,Heather Rodgers,431
1182,1961,Bobbie Pennington,976
1183,117,Harris Brown,1136
1184,540,Doris White,46
1185,660,Thomas Johnson,589
1186,729,Sandy Peveler,1395
1187,1916,Earl Miller,1605
1188,388,Peggy Best,1876
1189,1265,James Harris,136
1190,171,Emilia Hartmann,105
1191,925,Novella Hannah,866
1192,1192,Alan Powell,1279
1193,1927,Marguerite Houle,1403
1194,1337,Wilma Schmidt,1696
1195,219,Mabel Oaks,1781
1196,857,Mary Branchaud,1896
1197,903,Janie Power,851
1198,1505,Brandy Kay,1844
1199,1947,Francie Ledbetter,1881
1200,1345,Roland Hainley,1293
1201,1301,Paul Goff,701
1202,1774,James Guarino,1424
1203,1627,Herb Brooks,1132
1204,896,Albert Lovelock,1386
1205,272,Leticia Bogart,104
1206,758,Dominic Qualls,1083
1207,1769,Douglas Lindstrom,1186
1208,505,Maria Henley,271
1209,1936,Andrew Davis,389
1210,1422,Chad Galow,1554
1211,98,Doug Grant,1661
1212,60,Homer Richardson,300
1213,587,Sheila Talley,1557
1214,1539,Staci Simpkins,1553
1215,446,Roberta Valot,483
1216,208,David Polowy,188
1217,260,Gordon Anderson,201
1218,1810,Thomas Wood,1716
1219,315,Leona Knobbe,967
1220,1100,Amanda Estrada,225
1221,1986,Elbert Kent,168
1222,1122,David Carrasco,1459
1223,1139,Veda Hodges,971
1224,1421,Carmen Hassing,1349
1225,312,Richard Talamantes,878
1226,1836,Victor Desbiens,125
1227,30,Alexander Hibbard,745
1228,1973,Jennifer Williams,1005
1229,347,Mary Schnakenberg,1463
1230,862,Marilyn Miller,1464
1231,717,Ralph Brauer,157
1232,464,Sommer Fanney,1789
1233,1409,Robert Potter,1535
1234,1221,Ron Musigdilok,1468
1235,248,Gregory Wells,691
1236,278,Marina Bowland,406
1237,1852,Michael Wood,291
1238,1360,Damon Jones,1350
1239,242,Consuela Simpson,648
1240,564,Carlos Dellinger,575
1241,1272,Bethany Hiemstra,1675
1242,793,Stacy Sullivan,1799
1243,12,Peter Bonebright,1793
1244,447,Tisha Spiers,788
1245,478,Johnny Sowl,1111
1246,41,Holly Schulle,994
1247,1367,Kerry Saxton,1487
1248,24,Carl Moore,655
1249,1599,David Maldonado,1544
1250,1561,Crystal Billings,1148
1251,1004,Kimberly Diaz,208
1252,1659,Latoya Hurrington,146
1253,1540,Joseph Hardin,608
1254,617,Man Johnson,955
1255,1420,Andrew Salazar,458
1256,855,Hee Shaver,226
1257,13,Kirk Chambers,711
1258,1940,Samuel Cough,793
1259,716,Jeremy Barrett,664
1260,1933,Timothy Knowles,1011
1261,246,Marsha Butler,204
1262,572,Katheryn Dyce,1530
1263,1813,Joe Caffee,1092
1264,1463,Mildred Mccollum,1260
1265,1107,Jose Anderson,1513
1266,293,Susan Mouton,282
1267,1673,Kevin Zajac,262
1268,1542,Lisa Wick,803
1269,523,Robert Aguayo,1090
1270,1179,Mattie Ford,273
1271,378,Paul Caulder,449
1272,1279,Stuart Turner,949
1273,3,Crystal Collins,1575
1274,452,Corey Strand,833
1275,1447,Ramona Henry,1643
1276,320,Betty Haward,1715
1277,629,Floy Collins,889
1278,497,Janice Dipaola,794
1279,1412,Devin Gross,618
1280,721,April Roy,1215
1281,194,Rebecca Thomas,1509
1282,234,Mary Hosick,82
1283,188,Betty Holland,1124
1284,942,Randy Warren,1416
1285,1974,Charles Goodin,189
1286,303,William Castillo,499
1287,702,Nathan Jones,1676
1288,1720,Kathy Perino,857
1289,1187,Clarice Oneil,423
1290,1570,Clint Rivera,1855
1291,1560,Joan Plater,1333
1292,909,Gloria White,1749
1293,565,Armand Murrell,1983
1294,1475,Ana Sedillo,302
1295,1591,Kimberly Citron,128
1296,913,James Cook,1578
1297,1705,Tom Thomas,1252
1298,1725,Lee Wells,958
1299,383,Kimberly Lee,1601
1300,1383,Anne George,1236
1301,1590,Robert Reagan,1930
1302,1775,Matt Rodriquez,290
1303,872,Angelina Williams,1877
1304,1334,Kevin Plunk,1444
1305,1824,Ana Matthews,1155
1306,1588,Augustine Gressler,1270
1307,866,John Smith,916
1308,95,Rheba Hassell,419
1309,433,Opal Sanders,303
1310,939,Maureen Dalton,253
1311,532,Wesley Mcnamara,883
1312,822,Pauline Bodey,1103
1313,750,Ruby Stephens,1997
1314,1057,Todd Wilkie,1209
1315,1918,Gail Jackson,1046
1316,1978,Mark Goodwin,1636
1317,1508,Jerry Hill,1706
1318,526,Nina Johnston,792
1319,1950,Brian King,653
1320,332,Theresa Washinski,38
1321,1258,Mary Dodson,1232
1322,146,Ashley Williams,1982
1323,551,John Vesely,1308
1324,1854,Hazel Carroll,1330
1325,1379,James Fanter,547
1326,200,Barbara Huddleston,66
1327,1019,James Helm,1942
1328,1160,Anna Theisen,920
1329,788,Willie Secor,122
1330,1230,Lee Lothridge,1167
1331,1695,Nora Ballesteros,221
1332,512,Kyle Saunders,557
1333,1913,Brandy Smith,420
1334,710,Clarence Weeks,778
1335,1477,Rebecca Benoit,771
1336,1105,Gladys Johnson,228
1337,1526,Wilbert Sanchez,1448
1338,1569,Shirley Warren,615
1339,1780,Evelyn Kubat,1576
1340,490,Marie Hemstreet,941
1341,1516,Ezra Wells,1404
1342,1571,Kenneth Cabrera,1792
1343,1222,Bonnie Flynn,1185
1344,1231,Colin Day,1908
1345,1402,David Harrison,1684
1346,1308,George Moseley,410
1347,1850,Stacey Jones,1856
1348,1954,Oscar Pelland,1515
1349,809,Thomas Knudsen,1713
1350,962,Charles Mueller,1967
1351,1020,Samuel Equils,1886
1352,1225,Tony Fuentes,1888
1353,15,Heike Storms,62
1354,1089,Thelma Green,1274
1355,1574,Ethel Smith,1363
1356,195,Virginia Wheeles,1803
1357,135,Teresa Korsmeyer,1325
1358,1056,Adam Stokes,1340
1359,1239,Gladys Lorber,60
1360,21,Errol Shelton,1752
1361,1413,Cassandra Burton,1987
1362,746,Sharon Blackwell,984
1363,1087,Alice Allen,1720
1364,1733,Michelle Davila,1476
1365,226,Amparo Valles,1506
1366,739,Tracy Rowe,626
1367,1766,Amber Shelton,1133
1368,1975,Nicholas Stafford,1892
1369,1232,Lynda Mcdonald,1177
1370,38,Ruth Mitchell,184
1371,1669,Nora Hammond,1728
1372,283,Richard Walter,989
1373,269,Mark Barta,598
1374,1977,Glenn Rosado,539
1375,1879,Lula Self,1984
1376,205,Lola Mcqueen,347
1377,370,Gerald Dalrymple,424
1378,27,Wayne Eckstein,1590
1379,1656,Dorothy Kitterman,948
1380,1520,Deborah Vansickle,338
1381,828,Tammy Adams,1035
1382,734,Roger Rodgers,493
1383,6,Willie Knapp,1316
1384,755,Juan Cooper,1288
1385,1636,Michael Gilles,1192
1386,539,Christopher Schlegel,1733
1387,1595,Kristen Turner,720
1388,805,Holly Miller,1505
1389,337,Paul Broenneke,1412
1390,1075,Jamie Valentin,1824
1391,949,Neil Rodriguez,254
1392,1768,Jose Pruett,141
1393,131,Nancy Koonce,1519
1394,1154,Timothy Kirkland,839
1395,1053,Jose Agee,279
1396,1829,Alexander Cook,154
1397,1185,Lorie Downing,373
1398,553,Candice West,51
1399,815,Lucy Buban,43
1400,1470,Kim Oliver,413
1401,1998,Gary Brummer,1831
1402,975,Daniel Gautam,1176
1403,147,Leon Pajerski,435
1404,938,Dorothy Riley,1128
1405,1458,Deanna Rivera,462
1406,11,Ray Harman,1265
1407,1164,Mary Ashcraft,53
1408,881,Diana Jarrett,969
1409,264,Robert Mccane,512
1410,198,Emanuel Amoroso,1281
1411,724,Glenn Pak,1719
1412,667,Judy Williams,687
1413,1259,Daniel Gregg,1299
1414,1607,Dustin Tovar,505
1415,153,Kristin Harlin,1697
1416,1302,Tawana Romo,1739
1417,831,Peggy Mccoy,1775
1418,613,Mark Ender,540
1419,1416,Paula Ware,284
1420,575,Buddy Walls,1397
1421,1485,Geneva Collins,634
1422,888,Adam Lindsay,1377
1423,1270,Angelo Jackson,1707
1424,1621,Angelica Eaton,1022
1425,266,Jackie Vallejos,219
1426,882,Jon Vandermark,1798
1427,720,Anthony Grant,623
1428,760,Gary Trautman,501
1429,1465,Donald Neill,1073
1430,407,Lynn Glasgow,577
1431,139,Sandra Smith,1847
1432,1513,Joan Cantua,647
1433,869,Tom Kim,477
1434,657,Jonathan Dikes,1391
1435,236,Rita Murff,311
1436,408,Karen Jordan,1098
1437,1044,Guadalupe Mccoy,1286
1438,961,Charles Gaden,542
1439,207,Barbara Lord,377
1440,1432,Patti Costa,1400
1441,1763,Dolores Pendergrass,964
1442,742,Henry Pettner,1029
1443,1903,Kevin Weems,176
1444,1708,Joyce Campbell,55
1445,957,James Farley,789
1446,184,David Oberholtzer,1033
1447,1719,Marsha Randall,1010
1448,907,Barbara Wheeler,1175
1449,801,Dennis Stuart,131
1450,1389,Joan Flores,1237
1451,1193,John Sparkman,775
1452,1469,Jerome Mayberry,280
1453,1429,Dorothy Ovalle,490
1454,933,James Jenkins,905
1455,1685,Jose Brewster,1156
1456,959,Roger Jones,57
1457,1827,Emery Garcia,1725
1458,82,Janice Haynes,881
1459,141,Lisa Pierre,1172
1460,319,Mario White,371
1461,328,Niki Hogue,1546
1462,422,James Brown,1549
1463,1480,Jerry Weber,1080
1464,1602,Walter Johnson,880
1465,213,Jennifer Rios,1662
1466,1074,Tracy Benoit,520
1467,116,David Dennis,721
1468,883,William Gold,782
1469,1597,Linda Fitzgerald,811
1470,425,William Sarver,773
1471,488,Joseph Jacobs,525
1472,1282,Ralph Henry,1432
1473,1148,Patricia Jackson,1070
1474,1921,Korey Walker,995
1475,376,Leona Granstrom,1774
1476,1666,Alexander True,333
1477,1758,Walter Cavanaugh,838
1478,1930,Ramon Richardson,1304
1479,768,Nelson Little,1450
1480,1022,Lori Mayers,1255
1481,1309,Gregory Acosta,763
1482,1165,Laverne Pelote,766
1483,1667,Barbara Thornton,356
1484,967,Silvia Smith,1746
1485,214,Steven Galvan,1880
1486,59,Joel Pranger,735
1487,1457,Elvin Klein,1940
1488,119,Suzanne Gordon,159
1489,102,Jennifer Tambe,183
1490,18,George Mallory,1238
1491,193,Cynthia Morelock,1955
1492,1589,Robert Davis,1050
1493,1506,Lori Carls,1920
1494,1202,Stephanie Visser,211
1495,380,Angela Thacher,1068
1496,972,Charles Lloyd,1373
1497,980,Amelia Sutherland,1097
1498,824,Daniel Stone,20
1499,1386,Leeann Stone,1523
1500,620,Janis Jolly,659
1501,616,Katherine Perez,960
1502,1300,Janice Green,1020
1503,1255,Donna Reaver,1797
1504,1902,Mary Graham,1594
1505,65,Susan Crandall,1736
1506,1176,Sean Dowell,715
1507,1247,Dorothy Laws,680
1508,1293,Jeremy Bell,1107
1509,1,Lauren Fernandez,407
1510,1816,Jenifer Firkins,1600
1511,137,Elizabeth Beach,754
1512,1567,Frederick Owens,427
1513,1117,Isabel Smith,1941
1514,826,Jack Fernandez,970
1515,820,Frank Boes,322
1516,1625,Jerome Bonner,1207
1517,1095,Barton Elliott,1962
1518,1071,Alan Gill,779
1519,544,Barbara White,1674
1520,335,Mi Poling,1928
1521,776,Charles Pons,1683
1522,431,Latasha Elder,1849
1523,634,Maxine Bench,49
1524,393,John Butler,1981
1525,465,John Johnson,11
1526,1332,Marcy Hughes,1331
1527,562,Emma Smith,328
1528,107,Mary Ferguson,26
1529,1167,Richard Fields,1730
1530,838,Bennie Ballard,397
1531,292,Amanda Hawkins,1249
1532,144,Amiee Fogg,740
1533,763,Rosalyn Kilgore,640
1534,1672,Brian Mejia,103
1535,910,Jose Price,1467
1536,1408,Joann Sanchez,482
1537,995,Alyce Southard,1430
1538,222,Laurie Larson,488
1539,330,Brian Garner,790
1540,16,Dean Taylor,1004
1541,1556,Clyde Brown,1418
1542,1648,Nicole Calandra,705
1543,581,Patricia Music,819
1544,706,Clint Chapman,1153
1545,885,Shannon Lerner,438
1546,160,Daniel Carrasco,1264
1547,502,Richard Barksdale,897
1548,1839,Mike Richard,457
1549,919,Beverly Pope,1414
1550,306,Stephanie Dube,576
1551,1543,Dorothy Wehn,1843
1552,612,Lena Valle,1945
1553,643,Bernice Hartman,961
1554,199,Kenneth Baptist,1541
1555,277,Gary Galindez,1484
1556,1799,Ligia Mccluney,1500
1557,1865,Richard Roman,1474
1558,239,Christopher Coleman,1846
1559,700,Kenneth Perry,378
1560,63,Denis Ball,1570
1561,458,Eugene Craft,555
1562,511,Julian Mccormick,972
1563,1147,Jack Ross,1438
1564,1970,Stella Barnett,1782
1565,680,Joan Braswell,116
1566,1297,Shirley Murray,509
1567,656,Chrystal Stahlman,390
1568,482,Phyllis Lonon,30
1569,989,Dedra Charlton,452
1570,787,Katherine Dunkan,1979
1571,953,Bernard Eastman,1887
1572,946,Antonio Johnson,203
1573,723,Shanna Croom,1918
1574,1576,Otis Dixon,1714
1575,904,Philip Lavine,1841
1576,112,Frances Adler,89
1577,1242,Patricia Brown,1344
1578,567,Robin Yockey,1682
1579,92,Eugene Martin,1280
1580,1321,Nellie Ternullo,10
1581,1676,Nga Mcdowell,631
1582,699,Lois Vanwinkle,1287
1583,1820,Charles Wilson,747
1584,492,Dorothy Evan,152
1585,201,Billie Lopez,868
1586,429,Richard Kelly,1221
1587,861,Nicholas Gordon,1992
1588,1396,Roger Cupp,1246
1589,424,Jose Rios,1996
1590,375,Lisa Hall,1378
1591,920,Rosa Frank,1462
1592,1125,Debra Scovel,217
1593,991,William Koski,974
1594,1617,Ana Britt,1173
1595,176,Terri Parson,578
1596,487,Anne Arnett,1511
1597,515,Marilyn Matos,888
1598,1471,Irene Stien,799
1599,1674,Harold Harris,877
1600,1275,Abby Dirico,1596
1601,1608,Kary Brumfield,1999
1602,779,Percy Pearson,1066
1603,963,Virginia Crowe,22
1604,43,William Peevy,470
1605,698,David Dobbins,1935
1606,1562,James Abbott,1166
1607,1735,Daniel Miller,1773
1608,1716,Felicia Valentine,1580
1609,88,Jerry Balde,227
1610,1536,James Harvey,588
1611,1551,Nancy Carroll,937
1612,1993,Gene Canas,78
1613,1840,Alicia Veer,1801
1614,1364,Walter Kavanaugh,88
1615,400,Dan Johns,1481
1616,122,Joe Williams,718
1617,956,Priscilla Harris,1905
1618,1295,Ruth Vallejos,907
1619,1235,Donna Chean,1352
1620,1679,Alissa Pederson,801
1621,1531,David Nickell,1538
1622,1874,Harry Pena,1565
1623,218,William Coates,1657
1624,998,Brandon Smith,1654
1625,1596,Gary Jacobi,1058
1626,1433,Richard Wilkins,1055
1627,578,Pierre Duncan,1822
1628,745,Lindsey Williams,447
1629,1501,Walter Lister,1488
1630,1177,Norma Wilson,471
1631,525,Shirley Trippel,1275
1632,784,James Williams,101
1633,354,Priscilla Morrissey,873
1634,402,Barbara Hunter,1902
1635,1631,Mary Strong,442
1636,601,Katherine Kelso,1637
1637,1615,Shawn Thurston,1708
1638,377,Dale Topolosky,1271
1639,325,Angela Bladen,1413
1640,549,Carlos Miranda,1258
1641,1529,Inez Higgins,636
1642,1209,Bernard Atchity,1479
1643,1777,David Johnson,1226
1644,1789,Brain Stines,1817
1645,342,Karen Thompson,1351
1646,715,Stella Barber,134
1647,1049,Vincent Tomlinson,1904
1648,652,Trent Pottinger,489
1649,70,Diane Elwell,1494
1650,1207,Ricky Hunter,251
1651,40,Jessica Bradley,1692
1652,1718,William Welch,723
1653,1180,Oscar Flores,892
1654,1418,Winston Stevenson,384
1655,438,Lucille Gurule,362
1656,1826,Julia Williams,1929
1657,1638,Daniel Conn,313
1658,1804,Angela Mcnair,1551
1659,1201,Pat Pedone,672
1660,413,Hung Stephenson,903
1661,172,Guy Carter,855
1662,369,Ashley Myers,1668
1663,1085,Bradley Garvey,1360
1664,1048,Glen Webb,1916
1665,843,Walter Petch,1656
1666,635,John Dorman,728
1667,719,Evelina Woods,556
1668,1703,Gail Guess,454
1669,301,Terry Perdomo,1850
1670,685,Vicky Hudson,343
1671,610,Laura Lee,12
1672,914,Gordon Mullin,523
1673,394,Brooks Underwood,1284
1674,1173,Julie Gibson,879
1675,1464,Steven Jones,1146
1676,530,John Sands,622
1677,1875,Jeremy Bradley,292
1678,558,Earl Howard,1753
1679,1224,Howard Tanner,1858
1680,642,John Considine,119
1681,1133,Vanessa Howard,758
1682,1866,Wanda Harvey,1082
1683,1395,Carolyn Durnin,1624
1684,1696,Catherine Dexter,1906
1685,730,Alice Miller,354
1686,1435,John Heatly,32
1687,105,Paul Purvis,731
1688,1461,Flora Moultrie,1678
1689,986,Richard Juliana,527
1690,1609,Jeffrey Minner,795
1691,211,Dorothy Whitehead,840
1692,249,Richard Mcknight,1562
1693,936,Melvin Swanson,975
1694,435,Marvin Guice,1743
1695,87,Diana Freeman,1978
1696,1830,Gertrude Dinatale,1421
1697,782,Glenda Baker,1197
1698,296,Rick Powell,1289
1699,1101,Jerome Brown,2
1700,323,Minerva Williams,45
1701,261,Tina Ross,1113
1702,550,Cheryl Anderson,1471
1703,1917,Eddie Hull,1486
1704,1391,Rebecca Hatcher,1335
1705,585,Jim Dorman,359
1706,167,Merlin Santoro,1079
1707,183,Clint West,1524
1708,951,Mark Fontenot,1366
1709,834,Matthew Simpson,110
1710,1129,Angelia Rothstein,1311
1711,974,Maxine Lipson,215
1712,662,Alyson Smtih,70
1713,1887,Wayne Kopplin,379
1714,1411,Andrew Rodriguez,474
1715,697,William Rodriguez,1021
1716,1926,Joseph Bronner,52
1717,1466,Oscar Udo,355
1718,1261,Paul Garcia,1141
1719,304,Bradford Pettrey,593
1720,1348,Eric Laite,1102
1721,1984,Paula Boyd,162
1722,310,Petra Scurry,1329
1723,423,Azucena Oliphant,106
1724,817,Shelly Barnes,652
1725,524,Pamela Moon,1925
1726,1598,Jeffrey Horn,415
1727,1586,Marty Scholer,681
1728,1559,Guy Jeter,242
1729,1953,Angelica Moore,214
1730,412,Mark Teaff,663
1731,1730,John Boyd,930
1732,192,Catalina Rice,1818
1733,1046,Phyllis Zumwalt,1385
1734,566,John Aguiar,982
1735,389,Roger Osborne,117
1736,1727,George Jebb,41
1737,1283,Samuel Young,1867
1738,1467,Donovan Murphy,725
1739,358,Darrick Lewis,977
1740,1860,Amanda Massey,690
1741,1722,Walter Hafer,405
1742,556,Robert Dupree,76
1743,1324,Laura Cobb,1966
1744,1955,Aaron Collins,1964
1745,28,Morris Rivera,1748
1746,893,Elsa Kampman,1660
1747,860,Dexter Gruska,329
1748,474,Timothy Scott,551
1749,1189,Samantha Johnston,1685
1750,825,Patricia Crawford,1318
1751,1842,Lorraine Coffman,1169
1752,58,Maria Riley,784
1753,93,Shelia Nichols,81
1754,1784,Sherita Gamboa,71
1755,1113,Richard Mckinney,224
1756,1660,Timothy Elliot,708
1757,1311,John Plumber,581
1758,1342,David Tincher,1550
1759,1712,Margaret Doty,346
1760,181,Dorothy Sundby,1138
1761,1807,Ricky Johnson,587
1762,197,Beverly Leaf,1726
1763,1797,Gregg Meader,1589
1764,890,Patty Johnstone,646
1765,1199,Robert Simms,591
1766,1217,Amanda Mckean,1606
1767,1445,Rodney Brown,403
1768,908,Ed Perna,1788
1769,329,Elizabeth Ferguson,546
1770,921,Malik Nicholas,713
1771,1645,Brittany Walker,1393
1772,1078,Barbara Lane,109
1773,892,Tiffany Davis,1334
1774,1248,Luther Lamark,341
1775,728,Willie Blando,473
1776,1007,Kathryn Flores,1178
1777,506,Charles Kimbler,1548
1778,1693,Karen West,675
1779,588,Dorothy Leeman,1540
1780,237,Armida Singh,869
1781,522,Jim Taylor,1854
1782,348,Candida William,1944
1783,1963,Thomas Smith,90
1784,1492,Mary Walker,1727
1785,1076,Margeret Lembo,1336
1786,590,Nickie Morris,187
1787,583,Scott Newman,1110
1788,182,James Solis,79
1789,1108,Anthony Riojas,1116
1790,1008,Karen Sherrill,246
1791,1227,Lydia Porter,1649
1792,1240,Tatiana Hayes,553
1793,1339,Gussie Asher,1480
1794,57,Abdul Gallegos,633
1795,1262,Daniel White,569
1796,426,Beth Portillo,1427
1797,1587,Brenda Marshall,400
1798,1274,Bonnie Woods,816
1799,772,Anne Stinchfield,220
1800,321,David Folts,849
1801,1923,Jennifer Peterson,1914
1802,1664,Brian Stephens,909
1803,1459,Erica Avila,1502
1804,1427,Michele Littles,1224
1805,1146,John Sughrue,1415
1806,1439,Roger Williams,402
1807,1686,Hilario Anderson,755
1808,1783,Anita Weatherford,1599
1809,331,Jose Johns,536
1810,386,Jeffrey Hurtado,537
1811,803,Raul Taylor,743
1812,1873,Nicholas Denison,412
1813,1878,Maria Lopez,14
1814,168,Ignacia Eaton,694
1815,534,Sook Waterman,620
1816,421,Sylvia Arnold,102
1817,1575,Willie Russell,1054
1818,1228,Beth Lopez,1085
1819,943,David Garcia,330
1820,1415,William Bird,704
1821,603,Nicolas Cintron,504
1822,713,Timmy Hoover,1434
1823,94,Laura Sundberg,349
1824,1318,Michael Nobles,1399
1825,1803,Walter Martinez,428
1826,830,Juana Oconnor,1718
1827,1385,Patrick Davis,1851
1828,1527,Robert Gomes,495
1829,1426,Angela Hollins,239
1830,1410,Amber Tran,783
1831,1677,Ann Wood,549
1832,1102,Melinda Roby,1813
1833,1779,Juanita Torres,1000
1834,1692,Laverna Hartman,820
1835,569,Rose Wood,1762
1836,379,Jerry Lopez,1447
1837,1157,Kimberly Harvey,1542
1838,1939,Jerry Maney,1731
1839,1229,Elizabeth Chilcutt,114
1840,100,Leland Reed,1298
1841,1610,Diane Sibley,759
1842,1605,Michael Wallace,1614
1843,624,Ben Gage,418
1844,382,Janet Kern,834
1845,1987,Ronald Godwin,1543
1846,1541,Gerald Fowler,1665
1847,945,Ethel Reed,917
1848,1618,Tabitha Mayson,1433
1849,1907,Rosa Beaver,563
1850,1036,Joseph Dabrowski,600
1851,696,Juan Suchan,1042
1852,802,Jeff Simmons,1158
1853,1496,Stephanie Bohn,1015
1854,1267,Tanya Maisey,899
1855,1992,Sylvia Ludgate,682
1856,672,Bertha Council,685
1857,754,William Weakley,1825
1858,255,Cody Gonzalez,395
1859,648,Leigh Crone,666
1860,1909,Linda Villiard,1837
1861,783,Mary Godfrey,1193
1862,1353,Shelly Kenner,992
1863,1832,Francisco Miller,19
1864,1365,Leah Johnston,1729
1865,253,Helen Simmons,353
1866,1833,Jim Santos,398
1867,1304,Keshia Simmons,1081
1868,1263,Michelle Berry,252
1869,164,Velma Anderson,1609
1870,727,David Hilyard,1842
1871,981,Ben Carmona,120
1872,1858,Patricia Smith,1585
1873,414,Mamie Beane,1234
1874,844,Melissa Leonard,309
1875,217,Donna Lee,243
1876,1623,Daniel Page,129
1877,906,Michelle Adell,1740
1878,625,Chrystal Segarra,796
1879,1503,Richard Rosser,1931
1880,898,Ruth Conner,63
1881,736,William Parrish,1926
1882,1226,Scott Johnson,230
1883,1838,Kasey Chan,1493
1884,1798,Preston Bartus,1307
1885,832,Otis Boise,813
1886,1161,Janice Hankins,1810
1887,918,Hubert Townsend,1671
1888,694,Matthew Deleon,1161
1889,257,Joe Boggan,683
1890,1649,Steven Stade,1528
1891,880,Thomas Anderson,448
1892,1340,Christine Chatman,835
1893,72,Ja Rossi,138
1894,1624,Jay Anderson,1936
1895,708,Dana Melius,821
1896,1291,Jessica Hebert,258
1897,766,Gregory Cooper,1473
1898,1628,Ruth Mack,1396
1899,1555,Conrad Jones,1809
1900,1688,Anthony Victor,746
1901,472,Ella Carswell,807
1902,1268,Sarai Duran,597
1903,1363,Edward Chang,1135
1904,845,Alice Martin,464
1905,894,Roy Gomez,1023
1906,1584,Jose Rush,1159
1907,224,Michael Booth,1078
1908,1707,Denis Freudenburg,847
1909,459,Adam Kidwell,1980
1910,829,Beth Millner,1868
1911,1945,Nelson Lewis,1571
1912,1890,Cecelia Myrick,250
1913,1691,Phyllis Baird,1312
1914,529,Jose Capito,1061
1915,1834,Jean Owens,1790
1916,121,Timothy Watson,459
1917,764,Joseph Barron,1099
1918,1038,Patrick Piekarski,453
1919,1252,Mark Kimes,1465
1920,26,Megan Haro,1745
1921,448,Anthony Spivey,223
1922,1208,Christopher Gregoire,1953
1923,1805,Betty Curtis,1357
1924,912,Roger Paige,507
1925,294,Gary Chalender,1616
1926,1023,Javier Williams,1371
1927,547,Jeanette Jones,1200
1928,1823,Shirley Pena,288
1929,1788,Catherine Cooper,1658
1930,1891,Larry Transue,212
1931,190,Sylvia Harewood,531
1932,504,Donald Rottenberg,360
1933,1134,Yolanda Nail,1160
1934,1123,Patricia Lynch,808
1935,1198,Kyle Rosales,337
1936,1111,Antonio Fabian,1537
1937,120,Alfred Boone,17
1938,1871,Alyssa Bethel,1121
1939,1863,Norman Everett,1302
1940,1182,Olga Collins,918
1941,983,Trevor Mortimer,882
1942,849,George Loughry,1267
1943,840,Babara Stanford,832
1944,1806,Ryan Weber,165
1945,508,Linda Davidson,25
1946,49,Christopher Carter,469
1947,23,Franklin Henley,861
1948,1118,Carol Fisher,1948
1949,941,Kathleen Charles,983
1950,235,Lucy Rodriguez,1322
1951,138,Michael Kerns,1134
1952,216,Shawn Humphreys,1162
1953,576,Frances Guillory,1149
1954,1822,Sylvia Walker,348
1955,679,Richard Pralle,552
1956,1307,Flora Pierson,966
1957,1640,James Evangelista,1337
1958,1772,Roselyn Davis,332
1959,823,Cecil Weaver,1620
1960,1811,Mitchell Moody,717
1961,244,Wayne Clawson,275
1962,1350,Theresa Allen,485
1963,175,Jonathan Odell,1239
1964,1756,Helena Stinson,39
1965,186,Debra Karg,1985
1966,1650,Noah Sharp,535
1967,1323,Michael Garrett,645
1968,1910,Charlotte Cahall,875
1969,1033,Charles Moffett,1986
1970,366,Edward Narine,1071
1971,1079,Dorothy Tucker,1915
1972,1723,William Bolton,1409
1973,916,Kevin Johnson,1365
1974,1181,Ralph Bates,1205
1975,486,Sebastian Benally,1219
1976,1305,Jackie Vineyard,1257
1977,1058,James Froman,1581
1978,1473,Seth Rufe,1932
1979,1203,Joseph Lowin,276
1980,1653,Joseph Breazeale,797
1981,852,Phillip Turner,1694
1982,1276,Louise Odom,1520
1983,443,Jeanne Mitchell,1120
1984,1253,John Airington,386
1985,1065,Bridget Ma,624
1986,1362,Manuel Nordstrom,142
1987,1072,John Anderson,1321
1988,339,Sheila Senethavilouk,570
1989,1174,John Wyatt,1628
1990,1553,Carl Yeager,519
1991,1817,Sylvester Mcgonagle,1779
1992,250,Robert Hubbard,1457
1993,1387,Elda Crutchfield,416
1994,163,Martin Ebeling,810
1995,228,Russell Prater,1214
1996,932,Anne Roberson,1477
1997,607,Kevin Manning,480
1998,1251,Henry Ward,1687
1999,1793,Brenda Moser,94
2000,385,David Hampson,567
